<?xml version="1.0" encoding="UTF-8"?>
<modification>
	<id>Frete Free</id>
	<version>1.5.x</version>
	<vqmver required="true">2.4.0</vqmver>
	<author><![CDATA[Valdeir S - http://www.valdeirsantana.com.br]]></author>
	
	<file name="admin/controller/catalog/product.php">
		<operation error="log">
			<search position="before"><![CDATA[
				if (isset($this->request->post['product_description'])) {
			]]></search>
			<add><![CDATA[
				if (isset($this->request->post['shipping_free'])) {
					$this->data['shipping_free'] = $this->request->post['shipping_free'];
				} elseif (!empty($product_info)) {
					$this->data['shipping_free'] = $product_info['shipping_free'];
				} else {
					$this->data['shipping_free'] = 0;
				}
			]]></add>
		</operation>
	</file>
	
	<file name="admin/view/template/catalog/product_form.tpl">
		<operation error="log">
			<search position="before" offset="1"><![CDATA[
				<td><?php echo $entry_sort_order; ?></td>
			]]></search>
			<add><![CDATA[
				<tr>
				  <td>Frete Grátis:</td>
				  <td>
					<select name="shipping_free">
						<?php if ($shipping_free): ?>
						<option value="1" selected><?php echo $text_yes ?></option>
						<option value="0"><?php echo $text_no ?></option>
						<?php else: ?>
						<option value="1"><?php echo $text_yes ?></option>
						<option value="0" selected><?php echo $text_no ?></option>
						<?php endif ?>
					</select>
				  </td>
				</tr>
			]]></add>
		</operation>
	</file>
	
	<file name="admin/model/catalog/product.php">
		<operation error="log">
			<search position="replace"><![CDATA[
				$this->db->query("INSERT INTO " . DB_PREFIX . "product SET model = '" . $this->db->escape($data['model']) . "', sku = '" . $this->db->escape($data['sku']) . "', upc = '" . $this->db->escape($data['upc']) . "', ean = '" . $this->db->escape($data['ean']) . "', jan = '" . $this->db->escape($data['jan']) . "', isbn = '" . $this->db->escape($data['isbn']) . "', mpn = '" . $this->db->escape($data['mpn']) . "', location = '" . $this->db->escape($data['location']) . "', quantity = '" . (int)$data['quantity'] . "', minimum = '" . (int)$data['minimum'] . "', subtract = '" . (int)$data['subtract'] . "', stock_status_id = '" . (int)$data['stock_status_id'] . "', date_available = '" . $this->db->escape($data['date_available']) . "', manufacturer_id = '" . (int)$data['manufacturer_id'] . "', shipping = '" . (int)$data['shipping'] . "', price = '" . (float)$data['price'] . "', points = '" . (int)$data['points'] . "', weight = '" . (float)$data['weight'] . "', weight_class_id = '" . (int)$data['weight_class_id'] . "', length = '" . (float)$data['length'] . "', width = '" . (float)$data['width'] . "', height = '" . (float)$data['height'] . "', length_class_id = '" . (int)$data['length_class_id'] . "', status = '" . (int)$data['status'] . "', tax_class_id = '" . $this->db->escape($data['tax_class_id']) . "', sort_order = '" . (int)$data['sort_order'] . "', date_added = NOW()");
			]]></search>
			<add><![CDATA[
				$this->db->query("INSERT INTO " . DB_PREFIX . "product SET shipping_free = '" . $this->db->escape($this->request->post['shipping_free']) . "', model = '" . $this->db->escape($data['model']) . "', sku = '" . $this->db->escape($data['sku']) . "', upc = '" . $this->db->escape($data['upc']) . "', ean = '" . $this->db->escape($data['ean']) . "', jan = '" . $this->db->escape($data['jan']) . "', isbn = '" . $this->db->escape($data['isbn']) . "', mpn = '" . $this->db->escape($data['mpn']) . "', location = '" . $this->db->escape($data['location']) . "', quantity = '" . (int)$data['quantity'] . "', minimum = '" . (int)$data['minimum'] . "', subtract = '" . (int)$data['subtract'] . "', stock_status_id = '" . (int)$data['stock_status_id'] . "', date_available = '" . $this->db->escape($data['date_available']) . "', manufacturer_id = '" . (int)$data['manufacturer_id'] . "', shipping = '" . (int)$data['shipping'] . "', price = '" . (float)$data['price'] . "', points = '" . (int)$data['points'] . "', weight = '" . (float)$data['weight'] . "', weight_class_id = '" . (int)$data['weight_class_id'] . "', length = '" . (float)$data['length'] . "', width = '" . (float)$data['width'] . "', height = '" . (float)$data['height'] . "', length_class_id = '" . (int)$data['length_class_id'] . "', status = '" . (int)$data['status'] . "', tax_class_id = '" . $this->db->escape($data['tax_class_id']) . "', sort_order = '" . (int)$data['sort_order'] . "', date_added = NOW()");
			]]></add>
		</operation>
		
		<operation error="log">
			<search position="replace"><![CDATA[
				$this->db->query("UPDATE " . DB_PREFIX . "product SET model = '" . $this->db->escape($data['model']) . "', sku = '" . $this->db->escape($data['sku']) . "', upc = '" . $this->db->escape($data['upc']) . "', ean = '" . $this->db->escape($data['ean']) . "', jan = '" . $this->db->escape($data['jan']) . "', isbn = '" . $this->db->escape($data['isbn']) . "', mpn = '" . $this->db->escape($data['mpn']) . "', location = '" . $this->db->escape($data['location']) . "', quantity = '" . (int)$data['quantity'] . "', minimum = '" . (int)$data['minimum'] . "', subtract = '" . (int)$data['subtract'] . "', stock_status_id = '" . (int)$data['stock_status_id'] . "', date_available = '" . $this->db->escape($data['date_available']) . "', manufacturer_id = '" . (int)$data['manufacturer_id'] . "', shipping = '" . (int)$data['shipping'] . "', price = '" . (float)$data['price'] . "', points = '" . (int)$data['points'] . "', weight = '" . (float)$data['weight'] . "', weight_class_id = '" . (int)$data['weight_class_id'] . "', length = '" . (float)$data['length'] . "', width = '" . (float)$data['width'] . "', height = '" . (float)$data['height'] . "', length_class_id = '" . (int)$data['length_class_id'] . "', status = '" . (int)$data['status'] . "', tax_class_id = '" . $this->db->escape($data['tax_class_id']) . "', sort_order = '" . (int)$data['sort_order'] . "', date_modified = NOW() WHERE product_id = '" . (int)$product_id . "'");
			]]></search>
			<add><![CDATA[
				$this->db->query("UPDATE " . DB_PREFIX . "product SET shipping_free = '" . $this->db->escape($this->request->post['shipping_free']) . "', model = '" . $this->db->escape($data['model']) . "', sku = '" . $this->db->escape($data['sku']) . "', upc = '" . $this->db->escape($data['upc']) . "', ean = '" . $this->db->escape($data['ean']) . "', jan = '" . $this->db->escape($data['jan']) . "', isbn = '" . $this->db->escape($data['isbn']) . "', mpn = '" . $this->db->escape($data['mpn']) . "', location = '" . $this->db->escape($data['location']) . "', quantity = '" . (int)$data['quantity'] . "', minimum = '" . (int)$data['minimum'] . "', subtract = '" . (int)$data['subtract'] . "', stock_status_id = '" . (int)$data['stock_status_id'] . "', date_available = '" . $this->db->escape($data['date_available']) . "', manufacturer_id = '" . (int)$data['manufacturer_id'] . "', shipping = '" . (int)$data['shipping'] . "', price = '" . (float)$data['price'] . "', points = '" . (int)$data['points'] . "', weight = '" . (float)$data['weight'] . "', weight_class_id = '" . (int)$data['weight_class_id'] . "', length = '" . (float)$data['length'] . "', width = '" . (float)$data['width'] . "', height = '" . (float)$data['height'] . "', length_class_id = '" . (int)$data['length_class_id'] . "', status = '" . (int)$data['status'] . "', tax_class_id = '" . $this->db->escape($data['tax_class_id']) . "', sort_order = '" . (int)$data['sort_order'] . "', date_modified = NOW() WHERE product_id = '" . (int)$product_id . "'");
			]]></add>
		</operation>
	</file>
	
	<file name="catalog/model/shipping/correios.php">
		<operation error="log">
			<search position="after"><![CDATA[
				foreach ($produtos as $prod) {
			]]></search>
			<add><![CDATA[
				if (!$prod['shipping_free']){
				//ALTER TABLE `oc_product` ADD `shipping_free` INT NOT NULL DEFAULT '0' ;
			]]></add>
		</operation>
		
		<operation error="log">
			<search position="before" offset="1"><![CDATA[
				return $caixas;
			]]></search>
			<add><![CDATA[
				}
			]]></add>
		</operation>
	</file>

	<file name="catalog/model/shipping/free.php">
		<operation error="log">
			<search position="after"><![CDATA[
				$method_data = array();
			]]></search>
			<add><![CDATA[
				$products = $this->cart->getProducts();
		
				foreach($products as $product){
					if (!$product['shipping_free']){
						$status = false;
					}
				}
			]]></add>
		</operation>
	</file>
	
	<file name="system/library/cart.php">
		<operation error="log">
			<search position="after"><![CDATA[
				$this->data[$key] = array(
			]]></search>
			<add><![CDATA[
				'shipping_free'                => $product_query->row['shipping_free'],
			]]></add>
		</operation>
	</file>

</modification>